{"name":"t:sections.footer.name","type":"footer","sections":{"footer":{"type":"footer","blocks":{"link_list_QdxnXf":{"type":"link_list","settings":{"heading":"About us","menu":"footer"}},"link_list_Kr8f4D":{"type":"link_list","settings":{"heading":"Products","menu":"footer-second"}},"link_list_ChVgJh":{"type":"link_list","settings":{"heading":"My Account","menu":"footer-thrid"}},"link_list_hXhdJd":{"type":"link_list","settings":{"heading":"Contact us","menu":"footer-forth"}},"text_QCMYap":{"type":"text","settings":{"heading":"Join the bottleworx Collective","subtext":"<p>Join us and get first alerts on new products, upcoming events, and special offers. Enter your email to join the #bwxcollective now! You can unsubscribe at any time.<\/p>","custom_input":"example@gmail.com"}}},"block_order":["link_list_QdxnXf","link_list_Kr8f4D","link_list_ChVgJh","link_list_hXhdJd","text_QCMYap"],"settings":{"color_scheme":"scheme-85139e40-5768-4c5e-bdf6-5bf948b80645","newsletter_enable":false,"newsletter_heading":"","enable_follow_on_shop":true,"show_social":true,"enable_country_selector":true,"enable_language_selector":true,"payment_enable":true,"show_policy":false,"margin_top":0,"padding_top":100,"padding_bottom":36,"extra_class":"custom_class"}}},"order":["footer"]}