{"name":"t:sections.header.name","type":"header","sections":{"announcement_bar_XFtUEx":{"type":"announcement-bar","blocks":{"announcement_MWhEHx":{"type":"announcement","settings":{"text":"Free shipping on all orders over $100  See Details","link":""}}},"block_order":["announcement_MWhEHx"],"disabled":true,"settings":{"color_scheme":"","show_line_separator":true,"show_social":false,"auto_rotate":false,"change_slides_speed":5,"enable_country_selector":false,"enable_language_selector":false}},"custom_announcement_bar_garnnc":{"type":"custom-announcement-bar","blocks":{"helpfull_links_UjmRNW":{"type":"helpfull_links","settings":{"link_text":"My Orders"}},"helpfull_links_7XUgqx":{"type":"helpfull_links","settings":{"link_text":"Refer & Earn Points"}},"helpfull_links_kQ4VWb":{"type":"helpfull_links","settings":{"link_text":"Bottle Cleaning & Care"}},"helpfull_links_EWX6aw":{"type":"helpfull_links","settings":{"link_text":"Return Policy"}},"helpfull_links_fFjz3x":{"type":"helpfull_links","settings":{"link_text":"Shipping Policy"}},"helpfull_links_EgXp3F":{"type":"helpfull_links","settings":{"link_text":"Customer Care"}}},"block_order":["helpfull_links_UjmRNW","helpfull_links_7XUgqx","helpfull_links_kQ4VWb","helpfull_links_EWX6aw","helpfull_links_fFjz3x","helpfull_links_EgXp3F"],"settings":{"bar_text":"Free shipping on all orders over $100","bd-color":"#f3f8fc","bar_link-text":"See Details","first_image":"shopify:\/\/shop_images\/information.png","support":"Support","second_image":"shopify:\/\/shop_images\/Warranty.png","gurrante":"Our Guarantee","country":"shopify:\/\/shop_images\/canada-small-1.jpg","need_help":"Need Help","need_help-2":"Live Chat Hours:","need_help-3":"support@bottleworx.com","help_disc":"1-844-268-9679 or","help_disc-2":"We do our very best to reply to emails within 2-3 business days..","help_disc-3":"Mon - Fri: 9am - 5pm EST","link":"Live Chat"}},"header":{"type":"header","settings":{"logo_position":"middle-left","menu":"main-menu","menu_type_desktop":"mega","sticky_header_type":"on-scroll-up","show_line_separator":true,"color_scheme":"scheme-1","menu_color_scheme":"scheme-1","enable_country_selector":true,"enable_language_selector":true,"mobile_logo_position":"center","margin_bottom":0,"padding_top":20,"padding_bottom":20}}},"order":["announcement_bar_XFtUEx","custom_announcement_bar_garnnc","header"]}