{"sections":{"main":{"type":"main-product","blocks":{"vendor":{"type":"text","settings":{"text":"{{ product.vendor }}","text_style":"uppercase"}},"title":{"type":"title","settings":{}},"price":{"type":"price","settings":{}},"variant_picker":{"type":"variant_picker","settings":{"picker_type":"button","swatch_shape":"circle"}},"quantity_selector":{"type":"quantity_selector","settings":{}},"buy_buttons":{"type":"buy_buttons","settings":{"show_dynamic_checkout":true,"show_gift_card_recipient":true}},"description":{"type":"description","settings":{}},"share":{"type":"share","settings":{"share_label":"Share"}},"swipper_product_image_carousel_swipper_carousel_eBKBad":{"type":"shopify:\/\/apps\/swipper-product-image-carousel\/blocks\/swipper-carousel\/b065bbb3-e4f3-410d-8d6f-66fb42cd0c7f","settings":{"swipper_effect":"default","swipper_autoplay":"999999","swipper_pagination":false,"font_size_bullet":12,"color_bullet_bg":"#343434","swipper_progressbar":false,"color_pagination":"#343434","swipper_arrows":true,"font_size_arrows":26,"color_arrows":"#343434"}}},"block_order":["vendor","title","price","variant_picker","quantity_selector","buy_buttons","description","share","swipper_product_image_carousel_swipper_carousel_eBKBad"],"settings":{"enable_sticky_info":true,"color_scheme":"scheme-1","media_size":"large","constrain_to_viewport":true,"media_fit":"contain","gallery_layout":"stacked","media_position":"left","image_zoom":"lightbox","mobile_thumbnails":"hide","hide_variants":true,"enable_video_looping":false,"padding_top":36,"padding_bottom":12}},"image_with_text_E9bgQr":{"type":"image-with-text","blocks":{"heading_hxVANb":{"type":"heading","settings":{"heading":"ABOUT MOISSANITE AVe","heading_size":"h1"}},"text_kNfKcV":{"type":"text","settings":{"text":"<p>Lorem ipsum dolor sit amet, consectetur adipiscing elit. Nulla auctor magna ut nulla fermentum, quis tristique ligula congue. Morbi id ultrices urna. Etiam ac dapibus nisl.<\/p><p>Suspendisse et ligula id velit efficitur tincidunt. Sed ultricies, ipsum et convallis eleifend, elit velit facilisis tellus, eu semper sapien eros ac quam. Suspendisse et ligula id velit efficitur tincidunt. Sed ultricies, ipsum et convallis eleifend, elit velit facilisis tellus, eu semper sapien eros ac quam.<\/p>","text_style":"body"}},"button_djLqik":{"type":"button","settings":{"button_label":"Button label","button_link":"","button_style_secondary":false}}},"block_order":["heading_hxVANb","text_kNfKcV","button_djLqik"],"settings":{"image":"shopify:\/\/shop_images\/About_Moissanite_Ave_image_121_a5936bfe-f3d5-4dfd-9d8f-153d2c273941.webp","height":"adapt","desktop_image_width":"medium","layout":"text_first","desktop_content_position":"top","desktop_content_alignment":"left","content_layout":"no-overlap","section_color_scheme":"","color_scheme":"","image_behavior":"none","mobile_content_alignment":"left","padding_top":36,"padding_bottom":36,"custom_class":""}},"related-products":{"type":"related-products","settings":{"heading":"You may also like","heading_size":"h2","products_to_show":4,"columns_desktop":4,"color_scheme":"scheme-1","image_ratio":"square","image_shape":"default","show_secondary_image":true,"show_vendor":false,"show_rating":false,"columns_mobile":"2","padding_top":36,"padding_bottom":28}}},"order":["main","image_with_text_E9bgQr","related-products"]}